﻿{"cameraMode":{"drawMode":0,"name":"Shaded","section":"Shading Mode"},"sceneLighting":false,"audioPlay":false,"sceneViewState":{"showFog":true,"showMaterialUpdate":false,"showSkybox":true,"showFlares":true,"showImageEffects":true,"showParticleSystems":true},"in2DMode":false,"pivot":{"x":458.5057678222656,"y":346.38397216796877,"z":75.05596923828125},"rotation":{"x":0.048897746950387958,"y":-0.5717688798904419,"z":-0.03416824713349342,"w":-0.8182432651519775},"size":8.282270431518555,"orthographic":false}