﻿{"cameraMode":{"drawMode":0,"name":"Shaded","section":"Shading Mode"},"sceneLighting":false,"audioPlay":false,"sceneViewState":{"showFog":true,"showMaterialUpdate":false,"showSkybox":true,"showFlares":true,"showImageEffects":true,"showParticleSystems":true},"in2DMode":false,"pivot":{"x":-10.601194381713868,"y":-2.9712424278259279,"z":5.19514799118042},"rotation":{"x":-0.11852995306253433,"y":0.5059040784835815,"z":-0.0704231783747673,"w":-0.8515000343322754},"size":17.229665756225587,"orthographic":false}