﻿{"cameraMode":{"drawMode":0,"name":"Shaded","section":"Shading Mode"},"sceneLighting":false,"audioPlay":false,"sceneViewState":{"showFog":true,"showMaterialUpdate":false,"showSkybox":true,"showFlares":true,"showImageEffects":true,"showParticleSystems":true},"in2DMode":false,"pivot":{"x":2.605764150619507,"y":1.0494630336761475,"z":-1.1129264831542969},"rotation":{"x":-0.16115808486938477,"y":0.5554366111755371,"z":-0.1107511892914772,"w":-0.8082404136657715},"size":4.041658401489258,"orthographic":false}